Workbook

Sheet Como usar
A1: Painel de indicadores de RH
A3: 1. Na aba 'Dados', preencha uma linha por mês (células amarelas). Os valores que já estão lá são EXEMPLOS: apague e coloque os seus.
A4: 2. Na aba 'Painel', os indicadores e os gráficos se atualizam sozinhos.
A5: 3. Ao fim de cada mês, escreva a análise no modelo 'relatorio-mensal.docx'.
A7: Como cada indicador é calculado:
A8: • Rotatividade = ((admissões + desligamentos) ÷ 2) ÷ quadro no início do mês
A9: • Absenteísmo = dias de falta ÷ (quadro no início do mês × dias úteis)
A10: • Tempo de contratação = média de dias entre abrir a vaga e contratar
A11: • Custo por contratação = custo total de recrutamento ÷ número de contratações

Sheet Painel
A1: Painel mensal
A4: Mês | B4: Rotatividade | C4: Absenteísmo | D4: Tempo de contratação (dias) | E4: Custo por contratação (R$) | G4: Médias do período
A5: =Dados!A5 | B5: =IF(OR(Dados!B5="",Dados!B5=0),NA(),((Dados!C5+Dados!D5)/2)/Dados!B5) | C5: =IF(OR(Dados!B5="",Dados!F5=""),NA(),Dados!E5/(Dados!B5*Dados!F5)) | D5: =IF(Dados!H5="",NA(),Dados!H5) | E5: =IF(OR(Dados!G5="",Dados!G5=0),NA(),Dados!I5/Dados!G5) | G5: Rotatividade média | H5: =IFERROR(SUMPRODUCT(--ISNUMBER(B5:B16),IFERROR(B5:B16,0))/SUMPRODUCT(--ISNUMBER(B5:B16)),"")
A6: =Dados!A6 | B6: =IF(OR(Dados!B6="",Dados!B6=0),NA(),((Dados!C6+Dados!D6)/2)/Dados!B6) | C6: =IF(OR(Dados!B6="",Dados!F6=""),NA(),Dados!E6/(Dados!B6*Dados!F6)) | D6: =IF(Dados!H6="",NA(),Dados!H6) | E6: =IF(OR(Dados!G6="",Dados!G6=0),NA(),Dados!I6/Dados!G6) | G6: Absenteísmo médio | H6: =IFERROR(SUMPRODUCT(--ISNUMBER(C5:C16),IFERROR(C5:C16,0))/SUMPRODUCT(--ISNUMBER(C5:C16)),"")
A7: =Dados!A7 | B7: =IF(OR(Dados!B7="",Dados!B7=0),NA(),((Dados!C7+Dados!D7)/2)/Dados!B7) | C7: =IF(OR(Dados!B7="",Dados!F7=""),NA(),Dados!E7/(Dados!B7*Dados!F7)) | D7: =IF(Dados!H7="",NA(),Dados!H7) | E7: =IF(OR(Dados!G7="",Dados!G7=0),NA(),Dados!I7/Dados!G7) | G7: Tempo médio de contratação | H7: =IFERROR(SUMPRODUCT(--ISNUMBER(D5:D16),IFERROR(D5:D16,0))/SUMPRODUCT(--ISNUMBER(D5:D16)),"")
A8: =Dados!A8 | B8: =IF(OR(Dados!B8="",Dados!B8=0),NA(),((Dados!C8+Dados!D8)/2)/Dados!B8) | C8: =IF(OR(Dados!B8="",Dados!F8=""),NA(),Dados!E8/(Dados!B8*Dados!F8)) | D8: =IF(Dados!H8="",NA(),Dados!H8) | E8: =IF(OR(Dados!G8="",Dados!G8=0),NA(),Dados!I8/Dados!G8) | G8: Custo médio por contratação | H8: =IFERROR(SUMPRODUCT(--ISNUMBER(E5:E16),IFERROR(E5:E16,0))/SUMPRODUCT(--ISNUMBER(E5:E16)),"")
A9: =Dados!A9 | B9: =IF(OR(Dados!B9="",Dados!B9=0),NA(),((Dados!C9+Dados!D9)/2)/Dados!B9) | C9: =IF(OR(Dados!B9="",Dados!F9=""),NA(),Dados!E9/(Dados!B9*Dados!F9)) | D9: =IF(Dados!H9="",NA(),Dados!H9) | E9: =IF(OR(Dados!G9="",Dados!G9=0),NA(),Dados!I9/Dados!G9)
A10: =Dados!A10 | B10: =IF(OR(Dados!B10="",Dados!B10=0),NA(),((Dados!C10+Dados!D10)/2)/Dados!B10) | C10: =IF(OR(Dados!B10="",Dados!F10=""),NA(),Dados!E10/(Dados!B10*Dados!F10)) | D10: =IF(Dados!H10="",NA(),Dados!H10) | E10: =IF(OR(Dados!G10="",Dados!G10=0),NA(),Dados!I10/Dados!G10)
A11: =Dados!A11 | B11: =IF(OR(Dados!B11="",Dados!B11=0),NA(),((Dados!C11+Dados!D11)/2)/Dados!B11) | C11: =IF(OR(Dados!B11="",Dados!F11=""),NA(),Dados!E11/(Dados!B11*Dados!F11)) | D11: =IF(Dados!H11="",NA(),Dados!H11) | E11: =IF(OR(Dados!G11="",Dados!G11=0),NA(),Dados!I11/Dados!G11)
A12: =Dados!A12 | B12: =IF(OR(Dados!B12="",Dados!B12=0),NA(),((Dados!C12+Dados!D12)/2)/Dados!B12) | C12: =IF(OR(Dados!B12="",Dados!F12=""),NA(),Dados!E12/(Dados!B12*Dados!F12)) | D12: =IF(Dados!H12="",NA(),Dados!H12) | E12: =IF(OR(Dados!G12="",Dados!G12=0),NA(),Dados!I12/Dados!G12)
A13: =Dados!A13 | B13: =IF(OR(Dados!B13="",Dados!B13=0),NA(),((Dados!C13+Dados!D13)/2)/Dados!B13) | C13: =IF(OR(Dados!B13="",Dados!F13=""),NA(),Dados!E13/(Dados!B13*Dados!F13)) | D13: =IF(Dados!H13="",NA(),Dados!H13) | E13: =IF(OR(Dados!G13="",Dados!G13=0),NA(),Dados!I13/Dados!G13)
A14: =Dados!A14 | B14: =IF(OR(Dados!B14="",Dados!B14=0),NA(),((Dados!C14+Dados!D14)/2)/Dados!B14) | C14: =IF(OR(Dados!B14="",Dados!F14=""),NA(),Dados!E14/(Dados!B14*Dados!F14)) | D14: =IF(Dados!H14="",NA(),Dados!H14) | E14: =IF(OR(Dados!G14="",Dados!G14=0),NA(),Dados!I14/Dados!G14)
A15: =Dados!A15 | B15: =IF(OR(Dados!B15="",Dados!B15=0),NA(),((Dados!C15+Dados!D15)/2)/Dados!B15) | C15: =IF(OR(Dados!B15="",Dados!F15=""),NA(),Dados!E15/(Dados!B15*Dados!F15)) | D15: =IF(Dados!H15="",NA(),Dados!H15) | E15: =IF(OR(Dados!G15="",Dados!G15=0),NA(),Dados!I15/Dados!G15)
A16: =Dados!A16 | B16: =IF(OR(Dados!B16="",Dados!B16=0),NA(),((Dados!C16+Dados!D16)/2)/Dados!B16) | C16: =IF(OR(Dados!B16="",Dados!F16=""),NA(),Dados!E16/(Dados!B16*Dados!F16)) | D16: =IF(Dados!H16="",NA(),Dados!H16) | E16: =IF(OR(Dados!G16="",Dados!G16=0),NA(),Dados!I16/Dados!G16)

Sheet Dados
A1: Dados mensais
A2: Valores de exemplo: substitua pelos seus.
A4: Mês | B4: Quadro no início | C4: Admissões | D4: Desligamentos | E4: Dias de falta | F4: Dias úteis | G4: Contratações (fechadas) | H4: Dias para contratar (média) | I4: Custo de recrutamento (R$)
A5: Jan | B5: 18 | C5: 2 | D5: 1 | E5: 14 | F5: 22 | G5: 2 | H5: 21 | I5: 640
A6: Fev | B6: 19 | C6: 1 | D6: 2 | E6: 19 | F6: 20 | G6: 1 | H6: 25 | I6: 420
A7: Mar | B7: 18 | C7: 3 | D7: 1 | E7: 12 | F7: 23 | G7: 3 | H7: 18 | I7: 880
A8: Abr | B8: 20 | C8: 0 | D8: 2 | E8: 21 | F8: 21 | G8: 0 | I8: 150
A9: Mai | B9: 18 | C9: 2 | D9: 0 | E9: 13 | F9: 22 | G9: 2 | H9: 20 | I9: 610
A10: Jun | B10: 20 | C10: 1 | D10: 1 | E10: 15 | F10: 21 | G10: 1 | H10: 17 | I10: 360
A11: Jul
A12: Ago
A13: Set
A14: Out
A15: Nov
A16: Dez
